Episode,Score,Average_Score
1,-677.292165532801,-677.292165532801
2,-648.922221386524,-663.1071934596625
3,-168.5601630610177,-498.2581833267809
4,-482.1788288405206,-494.2383447052158
5,-381.6287593688922,-471.7164276379511
6,-215.1565254088262,-428.956443933097
7,-133.32508979930412,-386.72339334255514
8,-137.1779538720916,-355.5302134087472
9,-549.104848184502,-377.03850616160884
10,-124.94774525289782,-351.8294300707377
11,-120.77035613213292,-330.82405971268275
12,-201.6259803359793,-320.05755309795745
13,-212.25955873064333,-311.7653996850871
14,-139.4199974314206,-299.45501380982523
15,-130.53559833929114,-288.19371944512295
16,-130.75078943182098,-278.3535363192916
17,-255.30844069318252,-276.99794245893224
18,-197.49193225320766,-272.58094189194753
19,-169.18738479988684,-267.13917572920747
20,-162.73452911374767,-261.9189433984345
21,-120.22298206561811,-255.17151666830043
22,-159.8798115314214,-250.840075525715
23,-198.7318686080818,-248.57450131190487
24,-95.55726337758881,-242.19878306464167
25,-162.35690864824625,-239.00510808798586
26,-182.75936308140018,-236.84181020311718
27,-174.75855297791895,-234.54243030588762
28,-123.30190659898807,-230.56955445921264
29,-218.56803327569378,-230.15570890116027
30,-163.14737113600467,-227.92209764232175
31,-105.98988981735872,-223.98880061571003
32,-128.62334058019644,-221.00862998960022
33,-128.66877067641903,-218.21045243465534
34,-136.8315212598944,-215.81695445892706
35,-154.02657822176548,-214.05151513786532
36,-138.09139197871542,-211.94151171677782
37,-130.0184566169968,-209.7273750924594
38,-147.51807699013278,-208.0902883002929
39,-133.05169046813495,-206.16622168921194
40,-112.0589011315883,-203.81353867527136
41,-132.41209966304174,-202.07204016277794
42,-137.26524514914908,-200.529021233882
43,-127.60588500707587,-198.83313434488653
44,-291.93441488471376,-200.94907253897352
45,-145.17953974703315,-199.7097495880415
46,-117.88814766064922,-197.93101911135906
47,-101.53870640370786,-195.8801188409835
48,-113.34364597096166,-194.16060898952472
49,-138.56942694382462,-193.02609507022473
50,-119.5764336900526,-191.55710184262128
51,-169.36316657318363,-191.12192664125973
52,-136.02710432293625,-190.06241082744583
53,-128.22738937827035,-188.89571230953686
54,-137.28644504597835,-187.93998513798948
55,16.553788623260658,-184.22191652414855
56,-133.07071642915525,-183.30850223673798
57,-211.03955971968705,-183.7950120171406
58,-312.4600801298152,-186.01337526046257
59,-124.3095487167698,-184.96754769192543
60,-107.99824303636271,-183.68472594766607
61,-132.52171798837702,-182.84598811226786
62,-117.06675952446446,-181.7850328124646
63,-133.86624113011047,-181.02441707147483
64,-117.31422442465382,-180.02894531136826
65,-198.76723022491768,-180.31722661773057
66,-133.1834576416227,-179.60307860294103
67,-175.11494167674937,-179.53609148463966
68,-171.42222108047537,-179.416769861049
69,-195.66435474078622,-179.65224210568286
70,-102.32287059833793,-178.5475367984351
71,-123.24593635442167,-177.7686410175335
72,-146.2801270341351,-177.33130054554184
73,-108.07961191982736,-176.38264727669645
74,-110.65314678384215,-175.49441078354974
75,-103.63607482896339,-174.53629963748858
76,-121.23487809698184,-173.83496514353456
77,-107.76956956743129,-172.97697299319555
78,-138.61672691731752,-172.5364570178638
79,-87.56147913715093,-171.46082438646238
80,-110.64381341631591,-170.70061174933554
81,-90.18582616952068,-169.7066020508193
82,-15.175717081118933,-167.82207906338394
83,-128.11087745643252,-167.34363085125202
84,-121.04023825951421,-166.79239998706467
85,-118.97559779849138,-166.22984937308144
86,-118.93459632291572,-165.67990457017254
87,-92.8163892076664,-164.84239289933913
88,-110.02414023394812,-164.21945820995967
89,-153.99802740990214,-164.10461067288037
90,-109.37154850461701,-163.49646553767747
91,-153.2741221246124,-163.38413209357785
92,-116.35930230796552,-162.87299263938638
93,-104.9959737516183,-162.25065910295876
94,-51.96287232485059,-161.0773847755321
95,-135.19634964133536,-160.80495282675108
96,-99.70671938250396,-160.16851289504018
97,-121.58244252949888,-159.77071835518925
98,-125.41762041903061,-159.42017653951416
99,-132.0183867716722,-159.1433907842834
100,-133.26223799560864,-158.88457925639668
101,-91.09077739004746,-153.0225653749691
102,-26.336063535529263,-146.79670379645918
103,-106.31222221497364,-146.17422438799878
104,-151.88869043716653,-142.87132300396522
105,-118.3203572079006,-140.2382389823553
106,-164.18649043760655,-139.7285386326431
107,-137.850228865048,-139.77379002330056
108,-96.50818213058025,-139.36709230588542
109,-108.67637563800989,-134.9628075804205
110,-195.86701063247256,-135.67200023421626
111,-193.9014294378951,-136.40331096727388
112,-183.85145587811837,-136.22556572269528
113,-103.36438042457713,-135.1366139396346
114,-94.39100151527686,-134.68632398047316
115,-101.23383033964629,-134.3933063004767
116,-185.6195708758334,-134.94199411491684
117,-269.37989820625535,-135.08270869004758
118,-132.99118425705706,-134.43770121008606
119,-134.34081887292902,-134.08923555081648
120,-117.57184674811748,-133.63760872716017
121,-188.3246656644016,-134.318625563148
122,-94.9748917655104,-133.66957636548892
123,-117.07598422706982,-132.8530175216788
124,-154.9130847908012,-133.44657573581094
125,-135.52933479877865,-133.17829999731623
126,-204.99011033925558,-133.4006074698948
127,-187.79942175103963,-133.53101615762603
128,-164.18435027263644,-133.9398405943625
129,-295.2620799448421,-134.70678106105396
130,-124.86158058746904,-134.32392315556862
131,-113.15952454763624,-134.39561950287137
132,-347.738685985094,-136.58677295692036
133,-273.9472332243423,-138.03955758239957
134,-244.46778796806393,-139.1159202494813
135,-383.57063557118465,-141.41136082297547
136,-295.73314563172994,-142.98777835950563
137,-156.91220226864434,-143.2567158160221
138,-200.16937632311067,-143.78322880935187
139,-448.01757153763594,-146.93288762004687
140,-280.8890523385613,-148.62118913211663
141,-447.8532326080788,-151.77560046156697
142,-294.10111811083164,-153.3439591911838
143,-267.08441761682394,-154.7387445172813
144,-186.05316570413223,-153.67993202547547
145,-280.8973557047537,-155.03711018505268
146,-312.29580350390563,-156.98118674348524
147,-207.87267042911142,-158.04452638373928
148,-104.57088740729324,-157.9567987981026
149,-172.36970981213716,-158.29480162678573
150,-184.56748139061722,-158.94471210379135
151,-117.64133718968712,-158.42749380995642
152,-146.50563540965925,-158.53227912082363
153,-486.94988688181036,-162.11950409585904
154,-144.12100661816726,-162.1878497115809
155,-203.31098091982625,-164.38649740701177
156,-444.3192120646886,-167.4989823633671
157,-121.26726296132131,-166.60125939578344
158,-80.90314364677019,-164.28569003095302
159,-284.996872824015,-165.89256327202548
160,-229.36757286924106,-167.10625657035425
161,-158.10304845931753,-167.36206987506364
162,-484.2607625361242,-171.03400990518026
163,-123.55517851236067,-170.93089927900277
164,-571.933596610068,-175.4770930008569
165,-118.43690489533782,-174.6737897475611
166,-110.26763861636488,-174.44463155730853
167,-93.65194990100741,-173.6300016395511
168,-252.87242546494312,-174.44450368339574
169,-114.00988701775393,-173.62795900616544
170,-262.99887457056485,-175.23471904588766
171,-117.60530415822362,-175.1783127239257
172,-139.45009437964367,-175.1100123973808
173,-57.34331726187223,-174.60264945080127
174,-330.691532754645,-176.8030333105093
175,-200.78758202593278,-177.774548382479
176,-173.35378386362822,-178.2957374401455
177,-222.26522824607633,-179.44069402693196
178,-405.69796460007046,-182.11150640375948
179,-105.1214852534684,-182.28710646492266
180,-126.04822194728587,-182.44115055023235
181,-101.31432215494334,-182.55243551008658
182,-150.89910375779994,-183.90966937685343
183,-191.60417311937417,-184.5446023334828
184,-206.23898137101202,-185.39658976459773
185,-141.8883606705689,-185.62571739331852
186,-124.36211710741365,-185.67999260116346
187,-477.09274861358864,-189.52275619522268
188,-108.04542631110242,-189.50296905599424
189,-142.38955029453356,-189.38688428484056
190,-121.78665539699395,-189.51103535376438
191,-116.78705745971124,-189.14616470711536
192,-100.96460282756527,-188.99221771231132
193,-263.70788226840307,-190.57933679747916
194,-144.24400420565146,-191.50214811628717
195,-53.533473685138674,-190.6855193567252
196,-137.13638574592397,-191.05981602035942
197,-204.20707396701016,-191.88606233473456
198,-138.20008614692455,-192.0138869920135
199,-406.35697559506366,-194.75727288024737
200,-513.5505892004421,-198.56015639229568
201,4.081757691169443,-197.6084310414836
202,-110.84260409863984,-198.45349644711467
203,-132.28179174725977,-198.71319214243758
204,-234.51015385224252,-199.53940677658832
205,-80.94898110216097,-199.16569301553088
206,-122.29921706367084,-198.7468202817915
207,-134.18110791936618,-198.71012907233467
208,-260.96725967790286,-200.35471984780793
209,-264.47829988348235,-201.91273909026265
210,-110.79269449906869,-201.06199592892858
211,-100.24951076695348,-200.12547674221918
212,-114.38119391833436,-199.43077412262141
213,-83.6173022631339,-199.23330334100697
214,17.625931347518403,-198.11313401237902
215,-184.56061493646837,-198.94640185834723
216,-156.67759212524348,-198.65698207084134
217,-162.60343562118217,-197.5892174449906
218,-121.29120780608254,-197.47221768048087
219,-88.18233057862517,-197.0106327975378
220,-115.56837031355565,-196.99059803319216
221,-91.00461123685763,-196.0173974889167
222,-98.20034952653256,-196.04965206652693
223,-176.38252913450023,-196.64271751560125
224,-90.97008485426436,-196.0032875162359
225,-110.43433575915498,-195.75233752583964
226,-116.77239360512816,-194.8701603584984
227,-94.5560774797601,-193.93772691578556
228,-81.23970379550252,-193.10828045101425
229,-109.72428205497326,-191.25290247211558
230,-149.51844321873463,-191.4994710984282
231,-50.788605991364335,-190.8757619128655
232,-98.90868665520959,-188.38746191956668
233,-152.26288717466133,-187.17061845906986
234,-262.74354211087643,-187.35337600049795
235,-83.74690769675469,-184.3551387217536
236,-121.37323164063639,-182.61153958184266
237,-267.68760697157194,-183.719293628872
238,-173.85633803561424,-183.456163245997
239,-275.91037656115856,-181.73509129623224
240,-163.37285557071402,-180.55992932855378
241,-123.84373181095617,-177.3198343205826
242,-134.22768466628008,-175.72109998613706
243,-136.57045229191954,-174.41596033288798
244,-105.87312592164659,-173.61415993506319
245,-138.4787667700354,-172.189974045716
246,-126.26928481137062,-170.3297088587906
247,-179.0878433371289,-170.0418605878708
248,-88.23380322473574,-169.87848974604523
249,-126.0767443909428,-169.4155600918333
250,-284.82366087123364,-170.41812188663943
251,-93.97590485165917,-170.18146756325916
252,-205.36334498014304,-170.770044658964
253,-161.3553025809432,-167.5140988159553
254,-123.95323338065779,-167.3124210835802
255,-106.87775477697672,-166.34808882215174
256,-62.351906247715064,-162.52841576398203
257,-164.0039601364564,-162.95578273573338
258,-132.87468087955713,-163.47549810806123
259,-85.93909226182,-161.4849203024393
260,-69.91593815305077,-159.8904039552774
261,-155.66538941560518,-159.86602736484022
262,-83.70034227670607,-155.86042316224606
263,-95.33340581879058,-155.57820543531037
264,-106.16398688975417,-150.92050933810725
265,-100.81158663411293,-150.74425615549498
266,-172.62288224841654,-151.3678085918155
267,-100.10286256121442,-151.43231771841755
268,-113.29660486332895,-150.03655951240142
269,-235.60046122267792,-151.25246525445067
270,-99.19999377289169,-149.61447644647393
271,-104.79929899112624,-149.48641639480297
272,-138.2599556874609,-149.47451500788114
273,-121.35027805910487,-150.11458461585346
274,-173.63469925623377,-148.54401628086933
275,-138.7524321464031,-147.92366478207404
276,-122.6159980914044,-147.4162869243518
277,-106.95940932336254,-146.26322873512467
278,-96.85816770820759,-143.17483076620604
279,-173.46218521455717,-143.85823776581694
280,-130.82923884280024,-143.90604793477206
281,-101.63237828934692,-143.90922849611613
282,-188.78848422857993,-144.28812230082391
283,-67.60653968777059,-143.0481459665079
284,-160.0625318114258,-142.58638147091202
285,-202.9637972779624,-143.19713583698595
286,-118.80375882965656,-143.1415522542084
287,-162.08145749016876,-139.9914393429742
288,-127.23889482060738,-140.18337402806924
289,-157.88032505987252,-140.33828177572263
290,-123.04331686596993,-140.35084839041238
291,-133.9896988423526,-140.5228748042388
292,-72.86067672401688,-140.2418355432033
293,-123.28988184575034,-138.8376555389768
294,-141.60426319914825,-138.81125812891176
295,-99.51878841877289,-139.2711112762481
296,-113.81194874913714,-139.03786690628021
297,-98.84316687820616,-137.98422783539218
298,-97.35507193907434,-137.57577769331368
299,-118.8252028453517,-134.70045996581658
300,-182.58966514540836,-131.39085072526623
301,-193.53332081575078,-133.3670015103354
302,-90.58575636332336,-133.16443303298226
303,-177.72058384339266,-133.61882095394358
304,-101.04170408255838,-132.28413645624673
305,-72.24868908973994,-132.19713353612252
306,-91.4490808959942,-131.88863217444577
307,-63.87541335443805,-131.1855752287965
308,-145.26875446983576,-130.02859017671582
309,-169.9777075624362,-129.0835842535054
310,-91.01857305014347,-128.88584303901612
311,-84.40786532302917,-128.7274265845769
312,-89.08617599408518,-128.4744764053344
313,-88.84774076288991,-128.52678079033197
314,-88.21427286154683,-129.58518283242262
315,-148.1382842504857,-129.2209595255628
316,-161.34743654888277,-129.26765796979916
317,-148.50287818611682,-129.1266523954485
318,-113.46027682683969,-129.04834308565606
319,-138.7858102488164,-129.55437788235798
320,-142.7386664766872,-129.8260808439893
321,-151.9675924323551,-130.43571065594426
322,-129.94815525950796,-130.75318871327406
323,-123.0977024196865,-130.2203404461259
324,-96.79962185132626,-130.2786358160965
325,-127.19279512683431,-130.4462204097733
326,-90.00197691631496,-130.17851624288517
327,-170.66750919298283,-130.9396305600174
328,-149.01026694069162,-131.6173361914693
329,-170.1567390697615,-132.2216607616172
330,-128.55721500742996,-132.01204847950413
331,-106.74251663294379,-132.57158758591993
332,-100.75734555179416,-132.59007417488576
333,-112.26574248159528,-132.1901027279551
334,-102.71384896927309,-130.58980579653908
335,-126.39201462094891,-131.016256865781
336,-160.73821591860536,-131.4099067085607
337,-130.83927254915994,-130.04142336433657
338,-140.88774026579554,-129.7117373866384
339,-175.05647830873968,-128.7031984041142
340,-154.34341728599668,-128.61290402126704
341,-121.96578887166551,-128.5941245918741
342,-119.29220092246673,-128.44476975443598
343,-115.7184530797593,-128.23624976231437
344,-122.23558431362679,-128.39987434623418
345,-136.84941299744577,-128.3835808085083
346,-99.26929752461999,-128.11358093564075
347,-151.57211723755506,-127.83842367464504
348,-118.38285991270746,-128.13991424152476
349,-151.66587709668983,-128.39580556858223
350,-120.91166062603948,-126.75668556613029
351,-104.33907705721616,-126.86031728818588
352,-141.5859240085958,-126.22254307847041
353,-90.52672076380864,-125.51425726029906
354,-107.48128168386434,-125.34953774333111
355,-125.55637103594923,-125.53632390592084
356,-127.63717171976181,-126.1891765606413
357,-119.49609146196909,-125.74409787389645
358,-110.63887397142231,-125.5217398048151
359,-108.10686161516776,-125.74341749834858
360,-132.7684185717693,-126.37194230253577
361,-143.76284156628762,-126.25291682404259
362,-69.77884163813313,-126.11370181765686
363,-134.95184992249,-126.50988625869385
364,-99.796156374771,-126.446207953544
365,-129.663025808464,-126.73472234528752
366,-127.59886870347295,-126.28448220983807
367,-114.99240336921265,-126.43337761791807
368,-134.12486794172807,-126.64166024870205
369,-91.97293789780399,-125.20538501545332
370,-90.65706287918633,-125.11995570651628
371,-132.75444959070975,-125.3995072125121
372,-89.14876321274616,-124.90839528776496
373,-58.53114410766244,-124.28020394825054
374,-94.68969028178002,-123.49075385850601
375,-88.01419017210867,-122.98337143876306
376,-106.9551663932682,-122.82676312178171
377,-97.69888497746527,-122.73415787832275
378,-291.6611235357435,-124.68218743659808
379,-1.9282935986348235,-122.96684852043889
380,-139.9061270115256,-123.05761740212613
381,-131.11065222355228,-123.35240014146817
382,-182.45221110018397,-123.28903741018422
383,-122.92183309081521,-123.84219034421463
384,-103.35486401148061,-123.27511366621522
385,-128.6948782753093,-122.53242447618867
386,-175.3649261648046,-123.09803614954014
387,-89.45063797304516,-122.37172795436891
388,-117.21013928366906,-122.27144039899952
389,-106.82467506391711,-121.76088389903997
390,-137.63416639521316,-121.90679239433238
391,-164.1386937959557,-122.20828234386843
392,-72.72247673353266,-122.20690034396358
393,-178.86467133688265,-122.76264823887492
394,-103.84355769196218,-122.38504118380304
395,-118.01740300825554,-122.57002732969788
396,-162.90976136139912,-123.0610054558205
397,-81.02547055634338,-122.88282849260189
398,-133.71048799201506,-123.24638265313128
399,-126.784111357745,-123.3259717382552
400,-106.55279154596442,-122.56560300226077
401,-134.6329112362551,-121.97659890646581
402,-112.89590935465249,-122.19970043637908
403,-89.16677767466523,-121.31416237469182
404,-165.7739506443685,-121.96148484030991
405,-147.51594120361216,-122.71415736144866
406,-114.82013583824116,-122.94786791087112
407,-189.2564577527921,-124.20167835485465
408,-82.93972463892665,-123.57838805654558
409,-91.16121462067557,-122.79022312712796
410,-92.53608587508803,-122.80539825537743
411,-124.6718561170446,-123.20803816331755
412,-109.96749836886457,-123.41685138706535
413,-113.61272189446183,-123.66450119838106
414,-84.31140530197317,-123.62547252278533
415,-60.70549220490577,-122.75114460232955
416,-103.91626196448857,-122.1768328564856
417,-220.04165715962495,-122.89222064622068
418,-108.17699060194731,-122.83938778397176
419,-74.91118664785685,-122.20064154796215
420,-101.0301173465422,-121.78355605666071
421,-96.4223854863529,-121.22810398720067
422,-133.84250477991523,-121.26704748240473
423,-74.86008510412539,-120.78467130924913
424,-105.6471775532946,-120.87314686626884
425,-84.1707132430129,-120.4429260474306
426,-101.5325139023622,-120.55823141729108
427,-68.8127747114321,-119.5396840724756
428,-112.71445989460354,-119.17672600201472
429,-134.84191482131277,-118.82357775953022
430,16.659162702843076,-117.37141398242747
431,-57.374870686479994,-116.87773752296285
432,-134.5208984279859,-117.21537305172477
433,-97.46050508292898,-117.0673206777381
434,-117.53679961096285,-117.215550184155
435,-119.18630251418764,-117.14349306308739
436,-297.91355763512973,-118.51524648025263
437,-132.39456161331748,-118.5307993708942
438,-59.139252030015726,-117.7133144885364
439,-174.45288516074345,-117.70727855705644
440,-156.84817254525933,-117.73232610964908
441,-152.3470942520657,-118.03613916345309
442,-83.9422175862753,-117.68263933009115
443,-99.41391070051621,-117.51959390629871
444,-120.95978848462711,-117.50683594800871
445,-112.0893474065623,-117.25923529209989
446,-79.34223502496266,-117.0599646671033
447,-66.56371267098098,-116.20988062143756
448,-175.34752697143057,-116.77952729202481
449,-80.71732069033425,-116.07004172796125
450,-107.32451177707813,-115.93417023947164
451,-64.48819762293265,-115.53566144512882
452,-113.35755239970057,-115.25337772903987
453,-83.70970849860011,-115.18520760638778
454,-82.72749559553324,-114.93766974550446
455,-81.2210318151787,-114.49431635329677
456,-73.05417294919488,-113.94848636559107
457,-59.590308077993285,-113.34942853175133
458,-64.82474257421083,-112.89128721777921
459,-102.9736543007844,-112.83995514463537
460,-88.74407930357165,-112.3997117519534
461,-69.79902945248902,-111.66007363081539
462,-88.05874694755755,-111.84287268390966
463,-79.5289473619786,-111.28864365830454
464,-58.79213841262638,-110.8786034786831
465,-110.17669490002932,-110.68374016959874
466,-74.03372740462291,-110.14808875661025
467,-94.71217637611832,-109.94528648667931
468,-100.42849812659917,-109.60832278852803
469,-168.38693565025926,-110.37246276605259
470,-86.40727827033933,-110.32996491996411
471,-62.65032636780081,-109.62892368773502
472,-82.67759131195271,-109.56421196872708
473,-121.57091731457724,-110.1946097007962
474,-123.82555426981943,-110.4859683406766
475,-114.82418939398033,-110.75406833289534
476,-113.2111036311916,-110.81662770527457
477,-88.47431285517649,-110.72438198405169
478,-71.65446563634268,-108.52431540505768
479,-81.41536835918262,-109.31918615266314
480,-88.61974083775567,-108.80632229092545
481,-69.67032207813521,-108.19191898947129
482,-154.65442970567585,-107.91394117552619
483,-54.97903158112199,-107.23451316042927
484,-80.58547107118706,-107.00681923102631
485,-139.98359626546846,-107.11970641092792
486,-76.03940601295744,-106.12645120940947
487,-105.90929935304266,-106.29103782320945
488,-90.96097173432766,-106.02854614771603
489,-49.56699047916989,-105.45596930186858
490,-57.905687217331916,-104.65868451008976
491,-162.15392010513384,-104.63883677318152
492,-26.74955442088465,-104.17910755005505
493,-49.65632493133633,-102.88702408599958
494,-57.89145271868472,-102.42750303626683
495,-19.813391950697877,-101.44546292569123
496,-64.51094447912546,-100.46147475686848
497,-55.575275548122576,-100.20697280678627
498,-13.529333726898201,-99.0051612641351
499,-62.61941826418832,-98.36351433319953
500,-62.64481785647897,-97.92443459630469
501,-49.1460259434675,-97.06956574337681
502,-53.788267721344745,-96.47848932704375
503,-134.25372104295516,-96.92935876072664
504,-72.22540325772563,-95.99387328686022
505,-49.23232918059874,-95.01103716663006
506,-155.38012203909847,-95.41663702863863
507,-21.832374641279443,-93.7423961975235
508,-33.338975493423774,-93.24638870606846
509,-87.83062931487899,-93.2130828530105
510,-142.92319810812907,-93.71695397534091
511,0.5894700731502809,-92.46434071343897
512,-39.04267354918362,-91.75509246524217
513,-105.30586089592909,-91.67202385525682
514,-59.553189485950256,-91.42444169709661
515,-74.00145747707487,-91.55740134981832
516,47.79610292847704,-90.04027770088865
517,-60.1223847357867,-88.44108497665027
518,-68.03235042596906,-88.03963857489049
519,-50.092195117261355,-87.79144865958452
520,-21.67448667286999,-86.99789235284781
521,-52.60595685530327,-86.5597280665373
522,-50.790082089020146,-85.72920383962837
523,-74.10751250716285,-85.72167811365871
524,-30.757932260041144,-84.9727856607262
525,-54.16144501687404,-84.67269297846482
526,-61.252669443213136,-84.26989453387333
527,-66.7499351500574,-84.24926613825957
528,-29.652459579392428,-83.41864613510747
529,-47.26603170347539,-82.54288730392909
530,-30.870078535950114,-83.01817971631702
531,-55.646326860940036,-83.00089427806162
532,-49.00043421376601,-82.14568963591942
533,-63.86133755572374,-81.80969796064737
534,-103.3831522057791,-81.66816148659554
535,-57.68589264427861,-81.05315738789643
536,-71.40989067372433,-78.78812071828239
537,-50.10346724421224,-77.96520977459133
538,-56.60321170604527,-77.93984937135163
539,-69.30467196086919,-76.88836723935289
540,-124.08287841882377,-76.56071429808853
541,44.13550288557667,-74.59588832671211
542,-24.608741215734653,-74.0025535630067
543,18.790599131725344,-72.82050846468428
544,-152.71824320180247,-73.13809301185604
545,-1.8620823234171553,-72.03582036102459
546,17.074737704220823,-71.07165063373276
547,-40.66536299188162,-70.81266713694177
548,12.345714484141226,-68.93573472238604
549,-142.99400487321464,-69.55850156421485
550,-132.6978163135817,-69.81223460957989
551,20.146062868797657,-68.96589200466258
552,-26.53148476702232,-68.09763132833581
553,-92.8557653475463,-68.18909189682526
554,-0.35496690586383295,-67.36536660992857
555,-63.25678819325583,-67.18572417370935
556,6.507372839153021,-66.39010871582586
557,-193.06121966099394,-67.72481783165586
558,-24.97516717551852,-67.32632207766893
559,-50.01290435794334,-66.79671457824053
560,-37.41870823639613,-66.28346086756878
561,-57.03592031626137,-66.1558297762065
562,-27.539487079833066,-65.55063717752925
563,-29.722844609600116,-65.05257615000546
564,-3.7791573222088317,-64.5024463391013
565,-27.549165497256126,-63.67617104507355
566,18.704334065689054,-62.74879043037043
567,15.036917453889188,-61.651299492070365
568,-33.375285979648055,-60.98076737060085
569,-67.45432760151672,-59.97144129011342
570,-84.25097781660419,-59.94987828557607
571,24.920838679661813,-59.07416663510145
572,-45.70165578048227,-58.70440727978676
573,-17.677405480491586,-57.665472161445884
574,-143.04362574107046,-57.8576528761584
575,-5.799076193402655,-56.76740174415263
576,18.600925372707948,-55.449281454113624
577,-49.14999563821184,-55.056038281943984
578,-82.58736413314931,-55.16536726691206
579,-285.66991107417925,-57.20791269406202
580,-90.39128460088439,-57.2256281316933
581,-134.5968916690856,-57.87489382760281
582,-33.819545134825006,-56.6665449818943
583,16.08206796141519,-55.95593398646893
584,18.20399516464647,-54.968039324110585
585,2.820493362973423,-53.53999842782618
586,-13.48088313868449,-52.91441319908345
587,-118.46938250735563,-53.04001403062657
588,-31.36227544418273,-52.44402706772513
589,-56.13438600200135,-52.50970102295344
590,-43.398019321812114,-52.36462434399824
591,-78.8290849775065,-51.531375992721976
592,-150.440922726906,-52.76828967578218
593,-195.60373440232718,-54.22776377049209
594,-42.17246643308876,-54.070573907636124
595,-169.6872178510668,-55.56931216663981
596,-126.04355735427698,-56.18463829539133
597,-35.57432616114589,-55.984628801521566
598,-21.41096939909093,-56.063445158243496
599,8.714626762867596,-55.35010470797294
600,-142.17911207165525,-56.145447650124694
601,-343.8047853704306,-59.09203524439432
602,-86.05338341865578,-59.414686401367426
603,-73.72443996775135,-58.80939359061539
604,-70.01218211394688,-58.7872613791776
605,-62.490254700066245,-58.91984063437228
606,-70.3558794540036,-58.06959820852134
607,-21.202714973191334,-58.06330161184046
608,-25.136305293851606,-57.98127490984474
609,-32.16454015221994,-57.42461401821814
610,-139.769863767515,-57.393080674812
611,-42.12825795109117,-57.820257955054416
612,-38.49223633480723,-57.81475358291064
613,-19.092953512931402,-56.95262450908067
614,-40.28759098631242,-56.7599685240843
615,-77.55664757898336,-56.79552042510338
616,-52.55275430993248,-57.79900899748748
617,-101.28388484062101,-58.21062399853583
618,-89.88377656225916,-58.42913825989873
619,253.12175149730027,-55.3969987937531
620,-115.46255788199568,-56.33487950584436
621,-50.551657484372,-56.31433651213505
622,-30.947990668203587,-56.115915597926886
623,-141.20895109302387,-56.786929983785505
624,-32.61805358174027,-56.805531197002495
625,-42.130624411902986,-56.685222990952774
626,-49.575396767671535,-56.56845026419737
627,-187.1465251430388,-57.772416164127186
628,-150.03215837529365,-58.9762131520862
629,-9.656746808615196,-58.600120303137594
630,-31.493934277100706,-58.606358860549086
631,-165.49258931837176,-59.704821485123404
632,-168.65991218529717,-60.90141626483871
633,-183.58196755557682,-62.09862256483724
634,-132.71990871360708,-62.39199012991553
635,-158.21845774588505,-63.397315780931585
636,-26.81748622731746,-62.951391736467514
637,-183.07076543580416,-64.28106471838343
638,-55.09973199267304,-64.26602992124973
639,-171.29882498853482,-65.28597145152636
640,8.325898773922802,-63.961883679598905
641,-56.52314826490254,-64.96847019110369
642,-187.28324427529088,-66.59521522169926
643,-141.22330190314784,-68.19535423204799
644,-118.42233097430672,-67.85239510977304
645,-176.58918603397996,-69.59966614687868
646,-235.0908516079416,-72.12132204000028
647,-117.406204665839,-72.88873045673986
648,-169.3604128879611,-74.7057917304609
649,-181.4581781262459,-75.09043346299121
650,-41.81052103532655,-74.18156051020867
651,-208.07390058654755,-76.46376014476213
652,-137.1119944624321,-77.56956524171622
653,-62.37760515289097,-77.26478363976966
654,-38.05088167251001,-77.64174278743613
655,-365.4177351752412,-80.66335225725597
656,-40.75779289156095,-81.1360039145631
657,-94.86399066592429,-80.1540316246124
658,-140.46852982036427,-81.30896525106087
659,-234.99174158879444,-83.15875362336938
660,-81.7236302635142,-83.60180284364056
661,-82.23429331321081,-83.85378657361005
662,-139.58766426962308,-84.97426834550797
663,-266.9097866694533,-87.34613776610651
664,-174.4621440734624,-89.05296763361905
665,-94.29016419976081,-89.7203776206441
666,-255.1181530254127,-92.4586024915551
667,-82.5464920783829,-93.43443658687784
668,-333.3212977776506,-96.43389670485786
669,-193.76410135548855,-97.69699444239757
670,-171.48754667771644,-98.5693601310087
671,-118.72894514521242,-100.00585796925743
672,-232.5791766088415,-101.87463317754101
673,-190.97437096391099,-103.60760283237522
674,-11.544915262895131,-102.29261572759347
675,-104.00765067309347,-103.27470147239039
676,-178.88696822545063,-105.24958040837193
677,-92.19564354092729,-105.6800368873991
678,-60.765845368418056,-105.46182169975177
679,-159.82720301895245,-104.20339461919951
680,-258.56198840338504,-105.88510165722454
681,-214.9573476618284,-106.68870621715197
682,-172.7078558220089,-108.07758932402379
683,-201.95306314193905,-110.25794063505732
684,-218.57891992115927,-112.62576978591538
685,-141.7986843499481,-114.07196156304458
686,-205.6222871517227,-115.99337560317497
687,-2.780164301034361,-114.83648342111177
688,-76.38522901053207,-115.28671295677526
689,-353.7383149709718,-118.26275224646497
690,-171.42690659631825,-119.54304111921003
691,-133.02088215417595,-120.08495909097674
692,-254.47773417767212,-121.1253272054844
693,-206.83644311429748,-121.23765429260409
694,-149.56364716949872,-122.31156609996819
695,-57.17571970742235,-121.18645111853175
696,-104.59321076596083,-120.97194765264858
697,-231.1474175989495,-122.92767856702662
698,-223.6969617816585,-124.95053849085231
699,-178.8712727570062,-126.82639748605102
700,-126.70914655777463,-126.67169783091222
701,-100.00900483881534,-124.23374002559608
702,-320.23902079874347,-126.57559639939694
703,-319.26948117321933,-129.0310468114516
704,-151.37552848409786,-129.84468027515314
705,-201.5284551445427,-131.23506227959788
706,-247.9562635461998,-133.01106612051987
707,-179.78903185785052,-134.59692928936641
708,-176.41044560710992,-136.10967069249904
709,-143.7300187484423,-137.22532547846123
710,-48.105844823600684,-136.3086852890221
711,-130.93650694814247,-137.1967677789926
712,-224.56733997965543,-139.0575188154411
713,-159.0134935457342,-140.45672421576913
714,-175.44061651548432,-141.80825447106088
715,-211.9033477274354,-143.1517214725454
716,-173.2929985881106,-144.35912391532716
717,-133.93564025388045,-144.68564146945977
718,-98.47434897070116,-144.77154719354417
719,-23.69660755789107,-147.5397307840961
720,-137.3518550173854,-147.75862375545
721,-176.657260116708,-149.01967978177333
722,-189.44925230794377,-150.60469239817078
723,-6.918075513782014,-149.26178364237833
724,-76.49209649833448,-149.70052407154427
725,-181.1313271931117,-151.09053109935635
726,-55.361463968305145,-151.14839177136272
727,-193.46766338131357,-151.21160315374544
728,-92.75154593599838,-150.63879702935253
729,-99.21758338637403,-151.5344053951301
730,-202.35817412583475,-153.24304779361745
731,-183.3073986377545,-153.42119588681126
732,-167.74886042912223,-153.41208536924952
733,-114.4053774322657,-152.72031946801638
734,-47.501234402101275,-151.86813272490136
735,-213.94267522023853,-152.42537489964485
736,-218.85970913578137,-154.3457971287295
737,-369.08834189403575,-156.20597289331178
738,-182.7836929472561,-157.48281250285763
739,-105.33552921136823,-156.82317954508596
740,-151.50692303241607,-158.42150776314938
741,-115.05819865357749,-159.0068582670361
742,43.24021143433319,-156.70162370993987
743,-195.15097805875055,-157.2409004714959
744,-227.5703267021184,-158.33238042877403
745,-88.13433948008432,-157.44783196323505
746,-125.63438811060709,-156.35326732826172
747,-148.44047132744902,-156.66360999487782
748,-91.30052780115882,-155.8830111440098
749,-106.0437229133888,-155.12886659188123
750,-115.13853045772196,-155.86214668610518
751,-151.31774373979164,-155.2945851176376
752,-103.30446856534749,-154.95650985866678
753,-157.55884887740805,-155.90832229591194
754,-128.61153970441694,-156.81392887623105
755,-87.84580675744337,-154.03820959205305
756,-17.572957027425744,-153.80636123341168
757,-117.21126347837777,-154.0298339615362
758,-199.21018451350636,-154.61725050846763
759,-79.37957434570535,-153.06112883603672
760,-176.01573829720184,-154.0040499163736
761,-95.9617576331947,-154.14132455957343
762,-182.82439206824748,-154.5736918375597
763,-93.15200454468561,-152.836114016312
764,-34.877130682163354,-151.44026388239902
765,-37.983918162775595,-150.87720142202917
766,-81.17399688114645,-149.13775986058653
767,-110.84823843515922,-149.4207773241543
768,-61.73951598371992,-146.70495950621498
769,-189.8089312035862,-146.66540780469597
770,-145.9399960098661,-146.40993229801742
771,3.6505374168709466,-145.1861374723966
772,-221.8313438854207,-145.0786591451624
773,-47.57373380028041,-143.6446527735261
774,-78.88873954068143,-144.31809101630398
775,-217.11953342637156,-145.44920984383677
776,-140.59465155317383,-145.066286677114
777,-184.8178032820177,-145.9925082745249
778,-192.09859699915614,-147.30583579083228
779,-202.3650324312266,-147.731214084955
780,-180.2972650281651,-146.9485668512028
781,-280.50442881435674,-147.60403766272808
782,-72.696264341769,-146.60392174792568
783,-43.99109448603749,-145.02430206136665
784,-125.1630228661947,-144.090143090817
785,-83.60299530143925,-143.50818620033192
786,-70.40252369538415,-142.15598856576852
787,-65.95847437336771,-142.7877716664919
788,-7.959098438519817,-142.1035103607718
789,-199.82833826794837,-140.56441059374157
790,-244.6259273769976,-141.29640080154834
791,-13.030104815093452,-140.09649302815754
792,-211.83640374026152,-139.67007972378343
793,-201.49680575063292,-139.61668335014676
794,-89.66091752065734,-139.01765605365833
795,-149.18585088759056,-139.93775736546002
796,-96.6944207479175,-139.8587694652796
797,-203.9217873151519,-139.58651316244163
798,-0.07117808011724946,-137.35025532542622
799,-160.2015080225064,-137.16355767808122
800,-301.5048543635206,-138.91151475613867
801,-186.84704005046962,-139.77989510825523
802,-167.65564443849013,-138.25406134465268
803,-207.5941899026289,-137.1373084319468
804,-127.58009595218698,-136.89935410662767
805,-45.401774624959124,-135.33808730143184
806,-176.7347060151418,-134.6258717261213
807,-98.9168368606473,-133.81714977614925
808,-69.16934591440568,-132.74473877922222
809,-32.437124339480405,-131.63180983513257
810,-215.78023575656368,-133.3085537444622
811,-179.68864605688987,-133.79607513554964
812,27.402243300151753,-131.27637930275156
813,-207.51637638901826,-131.76140813118442
814,-48.433608615171735,-130.4913380521813
815,-34.01403292674826,-128.71244490417445
816,-19.24405954143515,-127.17195551370769
817,-88.90459915510475,-126.72164510271995
818,-168.0219273056639,-127.41712088606957
819,-2.89901037523299,-127.20914491424298
820,-62.38730148890533,-126.45949937895817
821,-71.80317956094778,-125.41095857340056
822,-201.15604824564042,-125.52802653277753
823,-60.4269340020153,-126.06311511765988
824,-209.3804279821178,-127.3919984324977
825,-74.75424349616057,-126.32822759552819
826,-208.6810022578501,-127.86142297842362
827,-167.75415538245653,-127.60428789843508
828,-176.20911393965022,-128.43886357847157
829,-189.93486253125553,-129.3460363699204
830,2.4159366813178877,-127.29829526184886
831,-33.11489859415158,-125.79637026141285
832,217.4544261449998,-121.94433739567162
833,-23.348608043422146,-121.03376970178317
834,20.659189835649613,-120.35216545940568
835,-34.50492755481355,-118.55778798275144
836,-3.781140113464133,-116.40700229252826
837,-160.6908963616034,-114.32302783720394
838,-23.324277297206848,-112.72843368070346
839,-96.62468126494257,-112.6413252012392
840,-2.1580973479708803,-111.14783694439473
841,-29.131302025635932,-110.28856797811531
842,239.13965550793915,-108.32957353737926
843,186.5837960436946,-104.51222579635481
844,-55.71459948599501,-102.79366852419358
845,-29.281846775364713,-102.20514359714637
846,-145.20585494877503,-102.40085826552806
847,-159.60010391974387,-102.512454591451
848,-172.44892385955347,-103.32393855203496
849,-142.84386844665988,-103.69194000736766
850,-171.49275096618294,-104.25548221245228
851,-130.3249567320291,-104.04555434237466
852,14.966479771258108,-102.8628448590086
853,-52.52312176523044,-101.81248758788682
854,-57.33885833720104,-101.09976077421466
855,-150.53508563288665,-101.72665356296909
856,-20.575656657177973,-101.75668055926661
857,-89.20443135530044,-101.47661223803586
858,-91.1670205148406,-100.39618059804916
859,4.325620369860232,-99.55912865089353
860,-195.58794212345168,-99.75485068915602
861,-59.71216183187067,-99.39235473114277
862,-28.942848534961925,-97.85353929580991
863,6.506049924297301,-96.85695875112009
864,-111.46869388439028,-97.62287438314237
865,-157.77893871769538,-98.82082458869158
866,-25.15860822362025,-98.2606707021163
867,-17.880223662590566,-97.33099055439061
868,-37.243609709468984,-97.08603149164811
869,-60.11730855760787,-95.78911526518831
870,-40.87792534374019,-94.73849455852705
871,-35.30820290572244,-95.128081961753
872,-16.37760827242326,-93.07354460562303
873,-50.430022433603305,-93.10210749195625
874,-33.39219059603401,-92.64714200250977
875,220.9149864020974,-88.26679680422508
876,-303.9886276328947,-89.90073656502229
877,-46.91982969643466,-88.52175682916646
878,-105.9298913451214,-87.66006977262612
879,6.0682026765626915,-85.57573742154824
880,-148.80250675272237,-85.26078983879378
881,-61.68318291313105,-83.07257737978154
882,-66.86722383047186,-83.01428697466855
883,-64.6335981398455,-83.22071201120666
884,-152.5316752820661,-83.49439853536535
885,-68.54351101746627,-83.34380369252561
886,-46.60784740203266,-83.10585692959211
887,-13.631737197546485,-82.58258955783388
888,-98.34067809530659,-83.48640535440178
889,22.231698506922328,-81.26580498665307
890,-108.27533451988062,-79.9022990580819
891,25.179272586497646,-79.52020528406598
892,-74.40888682550167,-78.14593011491839
893,-40.10436042692356,-76.53200566168128
894,-149.3550198345563,-77.12894668482028
895,-11.326201821391251,-75.75035019415829
896,-105.55543520896003,-75.83896033876871
897,-26.392014871482743,-74.06366261433203
898,-20.279947117587426,-74.26575030470671
899,-34.29721809813472,-73.00670740546302
900,-105.35365213988615,-71.04519538322667
901,8.949264527497732,-69.087232337447
902,-138.20463935620816,-68.79272228662417
903,-224.85267342861442,-68.96530712188404
904,-177.05090752884036,-69.46001523765055
905,-155.36242903538724,-70.55962178175484
906,-267.5171058752996,-71.46744578035641
907,7.980428731625182,-70.39847312443368
908,-0.11787397852455683,-69.70795840507488
909,-29.87787224235079,-69.68236588410358
910,-19.86876817419129,-67.72325120827986
911,-18.89634252710495,-66.11532817298202
912,-136.9454775682116,-67.75880538166564
913,-141.38031612021047,-67.09744477897758
914,4.3517843610543565,-66.56959084921532
915,40.46912519205881,-65.82475926802725
916,-58.99565474962789,-66.22227522010917
917,30.0075929386293,-65.03315329917183
918,-22.271755312894655,-63.57565157924414
919,-21.575027369809973,-63.76241174918991
920,-39.997466660080775,-63.538513400901664
921,9.217760165555617,-62.72830400363663
922,-67.88505929588945,-61.39559411413912
923,24.773315943408022,-60.543591614684885
924,-176.06361424797626,-60.21042347734347
925,-76.99268928980874,-60.23280793527994
926,-137.16480583777798,-59.51764597107922
927,-60.33805970915232,-58.44348501434618
928,-16.43008227250644,-56.84569469767475
929,-131.50318297910803,-56.261377902153264
930,-23.344243121581314,-56.51897970018227
931,-15.706193787169994,-56.34489265211245
932,17.98761528112638,-58.33956076075119
933,-3.601150863067076,-58.14208618894763
934,-24.466111097825276,-58.593339198282386
935,-89.99284271833727,-59.14821834991761
936,-64.46966073244938,-59.75510355610748
937,-26.530921188951396,-58.41350380438095
938,-193.51664223066115,-60.115427453715505
939,-18.44821309426932,-59.333662772008765
940,5.219327320071798,-59.25988852532834
941,-49.17484595453605,-59.46032396461734
942,0.7861505376352369,-61.84385901432038
943,-15.159297762760517,-63.86128995238493
944,-6.5907521703234835,-63.370051479228216
945,-152.88815700072723,-64.60611458148185
946,-26.118533077738803,-63.415241362771475
947,-123.44867799945189,-63.05372710356856
948,-43.22491382203532,-61.76148700319338
949,-47.04680856732496,-60.80351640440003
950,-34.465933122295326,-59.433248225961144
951,-63.85467241772069,-58.768545382818054
952,-148.89907332894637,-60.407200913820105
953,-95.52683334516388,-60.83723802961945
954,-122.4862946802117,-61.488712393049546
955,-9.583440635812622,-60.0791959430788
956,49.71906173106157,-59.37624875919641
957,-154.91560468332892,-60.03336049247669
958,6.240740574234053,-59.05928288158595
959,-145.5253412126374,-60.55779249741092
960,-117.85332288600105,-59.78044630503642
961,-199.21002680334152,-61.175424954751136
962,-26.237601952421755,-61.148372488925745
963,-80.305212747166,-62.016485115640364
964,-140.70637432137943,-62.30886192001026
965,-60.59534462216526,-61.33702597905495
966,-4.143376868189094,-61.126873665500646
967,-60.55122659802237,-61.55358369485496
968,-153.2146204694128,-62.7132938024544
969,-44.77363219371793,-62.5598570388155
970,-129.87706649205302,-63.449848450298624
971,233.04486532104963,-60.766317768030916
972,-66.14582311123479,-61.263999916419024
973,-12.968317613593229,-60.88938286821892
974,-59.704991335706396,-61.15251087561565
975,-16.05959210188479,-63.522256660655465
976,-123.67281597943386,-61.71909854412086
977,-109.29306791597409,-62.34283092631625
978,-40.68685931722835,-61.69040060603733
979,-166.8893909254594,-63.41997654205755
980,-111.8372587007118,-63.05032406153744
981,-77.23636983126399,-63.20585593071876
982,-3.1768134665265393,-62.5689518270793
983,-15.390461907901667,-62.07652046475986
984,0.1615720442181896,-60.54958799149703
985,-173.9782421706031,-61.60393530302839
986,-82.90736040914571,-61.96693043309952
987,-0.09902346552226504,-61.83160329577929
988,171.01214293405957,-59.13807508548562
989,-182.8856211235759,-61.1892482817906
990,-61.67383125799857,-60.72323324917177
991,5.690372067536572,-60.9181222543614
992,-39.91646113950574,-60.57319799750144
993,-77.01028400493236,-60.94225723328152
994,-29.64884048494764,-59.74519543978544
995,-13.75229902562225,-59.76945641182774
996,-22.89503824138629,-58.94285244215201
997,8.004697771940371,-58.59888531571779
998,181.10588862969422,-56.58502695824496
999,-7.775054631163258,-56.31980532357525
1000,-27.10068565364493,-55.53727565871284
1001,-130.75507665948962,-56.93431907058272
1002,-22.02848684639966,-55.772557545484624
1003,-54.56021381341299,-54.06963294933261
1004,-20.72203424467986,-52.506344216490994
1005,-6.213285750092041,-51.01485278363804
1006,-29.0765773594661,-48.63044749847972
1007,-105.63176358784139,-49.766569421674376
1008,-27.27313896417982,-50.038122071530935
1009,-89.98110861470606,-50.63915443525448
1010,-48.33163708116113,-50.92378312432418
1011,153.2509864600866,-49.20230983445227
1012,-106.9604219330468,-48.90245927810062
1013,-124.49038343570462,-48.73355995125556
1014,-43.29571115527111,-49.21003490641881
1015,-142.71679367154658,-51.04189409505488
1016,-57.65759541096388,-51.02851350166823
1017,-120.13722934115347,-52.529961724466055
1018,-88.13767464155252,-53.188620917752644
1019,-79.04315619060911,-53.76330220596063
1020,-63.07317151017692,-53.99405925446158
1021,-108.93392279378254,-55.175576084054974
1022,-46.11243334047796,-54.957849824500855
1023,-57.608118186566614,-55.781664165800606
1024,-2.963286887143795,-54.05066089219228
1025,193.03155070286766,-51.350418492265504
1026,-10.290604381598996,-50.08167647770374
1027,-88.38791523195418,-50.36217503293175
1028,-58.78067397397599,-50.785680949946446
1029,214.0298754470865,-47.330350365684495
1030,-108.31647232852069,-48.18007265775389
1031,-59.67681908426708,-48.61977891072486
1032,12.106928763447144,-48.678585775901645
1033,170.81137497948433,-46.93446051747614
1034,177.35982948604732,-44.91620111163741
1035,206.63577930942293,-41.9499148913598
1036,-12.344788543918568,-41.42866616947449
1037,-122.12049821499778,-42.38456193973496
1038,-67.34407008929234,-41.12283621832129
1039,223.2415591110594,-38.705938496268
1040,-135.7484190772819,-40.11561596024153
1041,208.556535805708,-37.5383021426391
1042,-165.33182720090525,-39.1994819200245
1043,-130.64722976544772,-40.35436124005137
1044,-103.830011994675,-41.32675383829488
1045,-50.121666574010604,-40.299088934027715
1046,239.5884340407046,-37.642019262843284
1047,-91.18424485926906,-37.31937493144146
1048,-85.31631390867115,-37.74028893230782
1049,-123.21352898593197,-38.50195613649388
1050,-75.37460842639854,-38.91104288953492
1051,-67.1864305356352,-38.94436047071407
1052,-86.6394578969538,-38.321764316394145
1053,-31.929791113631765,-37.68579389407882
1054,-168.26048925689224,-38.143535839845626
1055,35.57727213547676,-37.69192871213273
1056,161.2202227167253,-36.57691710227609
1057,-61.8527372335349,-35.646288427778146
1058,-125.9358385334528,-36.968054218855016
1059,-46.156916850907805,-35.974369975237714
1060,-40.09259344017744,-35.196762680779486
1061,-39.08195150518836,-33.59548192779795
1062,-30.019875208453584,-33.63330466035827
1063,183.5655028661388,-30.994597504225222
1064,-53.479043007572685,-30.122324191087156
1065,253.45097173801247,-26.981861027485383
1066,190.70007066577256,-25.033426552145755
1067,-175.90338224526695,-26.186948108618207
1068,37.04857121439588,-24.284316191780118
1069,209.04251350407566,-21.746154734802186
1070,-105.70976564201452,-21.504481726301798
1071,144.91985218348995,-22.385731857677396
1072,50.66672189500281,-21.217606407615015
1073,189.17994590147742,-19.196123772464315
1074,171.24601385783762,-16.88661372052887
1075,165.2816126791552,-15.073201672718476
1076,-28.997461023647332,-14.126448123160607
1077,-79.76427277355042,-13.831160171736371
1078,-35.31541038692485,-13.777445682433333
1079,242.1049010379661,-9.687502762799081
1080,-42.939653649489884,-8.998526712286864
1081,-36.65290393716057,-8.592692053345829
1082,-43.12267591805063,-8.99215067786107
1083,171.54810397481597,-7.122765019033892
1084,-10.871448609455058,-7.233095225570626
1085,172.31976433359117,-3.770115160528685
1086,-78.53289579309043,-3.726370514368132
1087,-66.49772486147754,-4.390357528327684
1088,-49.05168109566671,-6.590995768624947
1089,56.7391810505988,-4.1947477468832
1090,-114.62019431672351,-4.724211377470448
1091,-87.64073096407223,-5.657522407786535
1092,-40.58066032915039,-5.664164399682981
1093,200.91167098876508,-2.884944849746008
1094,-24.82017039110403,-2.8366581488075724
1095,-71.18816319250828,-3.4110167904764337
1096,188.64086519731362,-1.2956577560894331
1097,-42.381385712962185,-1.7995185909384603
1098,-49.17775849355408,-4.102355062170943
1099,-40.94721569060718,-4.434076672765384
1100,-121.70228479671286,-5.380092664196062
1101,-44.20849152137315,-4.514626812814896
1102,-185.14688843928084,-6.145810828743707
1103,4.093700501512927,-5.5592716855944495
1104,-137.38926884146736,-6.7259440315623245
1105,-23.763013650662757,-6.901441310568031
1106,35.31413346857187,-6.2575342022876494
1107,184.63577418478758,-3.3548588245613598
1108,40.86818498242499,-2.6734455850953136
1109,-106.17278067977101,-2.835362305745964
1110,156.1459837426092,-0.7905860975082607
1111,209.10579825433769,-0.2320379795657493
1112,-163.6580789948112,-0.7990145501833945
1113,108.41247931641612,1.5300140773378137
1114,21.751074262699717,2.1804819315175212
1115,35.172916329804934,3.959379031531036
1116,167.57929036348463,6.211747889275521
1117,-102.84413598831289,6.3846788228039255
1118,-75.64642691223885,6.509591300097063
1119,271.5856106761304,10.015878968764458
1120,-26.69461127383302,10.379664571127897
1121,258.58722313743806,14.054876030440102
1122,251.3558761865785,17.02955912571067
1123,-92.99654559279237,16.675674851648413
1124,-57.9421339992403,16.125886380527447
1125,243.10736304824187,16.626644503981193
1126,-101.49200125906327,15.714630535206549
1127,-60.258277164602575,15.995926915880066
1128,-101.28189734460979,15.570914682173727
1129,42.78062923613149,13.858422220064176
1130,-249.88758626811853,12.4427110806682
1131,-65.88509024485117,12.380628369062352
1132,-121.99307211771134,11.03962836025077
1133,265.76473475855164,11.989161958041443
1134,-92.98325825482321,9.285731080632736
1135,-163.0320939801081,5.589052347737425
1136,-70.47447440990028,5.007755489077609
1137,-138.6308986359859,4.842651484867729
1138,-29.26863304092602,5.223405855351391
1139,-77.35546455052197,2.2174356187355824
1140,6.652758867857656,3.641447398186977
1141,-71.1507829879344,0.8443742102505518
1142,13.571208190077016,2.633404564160375
1143,-51.076937630603354,3.429107485508818
1144,-68.26834556212334,3.784724149834335
1145,-84.09639975528634,3.444976818021578
1146,-66.07231862799804,0.38836929133455156
1147,-68.84784449746596,0.6117332949525823
1148,-61.19161989914363,0.852980235047857
1149,-86.56103251490534,1.2195051997581252
1150,212.24565061073156,4.095707790129427
1151,-61.93116251762835,4.148260470309494
1152,-241.12298788668645,2.6034251704121685
1153,-203.19635617548496,0.8907595197936351
1154,-77.92863057047198,1.7940781066578375
1155,149.36494643656317,2.931954849668702
1156,-70.44613197860619,0.6152913027153883
1157,233.18125327320269,3.5656312077827637
1158,-136.52319922751815,3.4597576008421105
1159,211.44101413871118,6.035736910738301
1160,-133.6818338856234,5.099844506283841
1161,196.93138464730816,7.4599778678088065
1162,-74.15867140259324,7.018589905867412
1163,-140.46847511640777,3.7782501260419434
1164,-10.756261875250061,4.205477937365169
1165,-97.27200741170748,0.6982481458679684
1166,-18.732254702578885,-1.396075107815546
1167,-80.47013271262338,-0.44174261248911006
1168,-161.67927262227468,-2.4290210508558165
1169,-83.73427112027123,-5.356788897099286
1170,-131.1211251495818,-5.610902492174957
1171,261.4637589485759,-4.445463424524098
1172,-137.92509175146324,-6.331381560988758
1173,-135.13205814442875,-9.57450160144782
1174,-84.3553846487575,-12.130515586513773
1175,-96.99919014960008,-14.753323614801324
1176,-127.01654908730862,-15.733514495437937
1177,-95.98611489534161,-15.89573291665585
1178,-22.58353934726368,-15.76841420625924
1179,-85.04223987824423,-19.039885615421344
1180,-39.09178998057565,-19.001406978732195
1181,-154.73940266523581,-20.182271966012948
1182,-112.9781369034879,-20.88082657586732
1183,-132.58381338094355,-23.92214574942492
1184,-49.216127854296836,-24.30559254187333
1185,-23.14635900938238,-26.260253775303067
1186,-86.50598201824339,-26.33998463755459
1187,165.18549380910986,-24.02315245084872
1188,-149.02523240303861,-25.022887963922443
1189,-137.5878003840573,-26.966157778269004
1190,-136.20764466081704,-27.18203228170994
1191,-115.5019247731513,-27.460644219800727
1192,61.487796382182665,-26.4399596526874
1193,21.706507931469517,-28.232011283260352
1194,-146.55067004045455,-29.449316279753862
1195,-46.82822601670368,-29.20571690799582
1196,-151.45506513631057,-32.606676211332065
1197,-79.66466221739034,-32.979508976376344
1198,-75.5888163054068,-33.24361955449488
1199,-129.68503000954763,-34.13099769768427
1200,-38.37924469816434,-33.29776729669879
1201,-87.92810248091436,-33.7349634062942
1202,-123.35872919136602,-33.117081813815055
1203,-154.67212837733516,-34.70474010260353
1204,275.4146600399366,-30.576700813789486
1205,-16.758304720362744,-30.506653724486487
1206,-83.28876654018947,-31.692682724574105
1207,-108.74329730567818,-34.62647343947876
1208,260.97208204330616,-32.42543446886995
1209,-80.14564395893008,-32.165163101661534
1210,-102.70660648145271,-34.75368900390215
1211,-132.59327527529146,-38.17067973919845
1212,-98.28370749984667,-37.5169360242488
1213,-78.73690894461484,-39.388429906859116
1214,202.560112545469,-37.580339524031416
1215,-120.34865607145022,-39.13555524804397
1216,246.72855877945233,-38.34406256388429
1217,-69.75973647907932,-38.01321856879196
1218,10.230282677726109,-37.15445147289231
1219,-148.06238292713343,-41.35093140892495
1220,-62.02548394824899,-41.7042401356691
1221,-105.20898877965892,-45.34220225484009
1222,-85.84314798426112,-48.71419249654848
1223,-71.30001973167434,-48.497227237937295
1224,209.46565839430303,-45.82314931400186
1225,-7.29757303234264,-48.3271986748077
1226,-127.1109193289088,-48.58338785550615
1227,-71.20920704200498,-48.69289715428018
1228,-101.74409412853028,-48.69751912211938
1229,-62.43571558689035,-49.749682570349606
1230,-102.8273913053821,-48.27908062072224
1231,-72.40721793419195,-48.34430189761565
1232,-5.090786678467737,-47.175279043223206
1233,-78.39095838841371,-50.61683597469287
1234,202.81374660411518,-47.65886592610348
1235,-75.12837100035992,-46.779828696306005
1236,-130.40305007518043,-47.37911445295881
1237,162.3947303877139,-44.368858162721814
1238,-79.61721376925527,-44.87234397000511
1239,41.267203378475074,-43.686117290715146
1240,29.996558128447106,-43.45267929810925
1241,202.30549454217572,-40.71811652280815
1242,-105.51016969502476,-41.90893030165917
1243,-64.9437413616393,-42.04759833896953
1244,-48.860383886853086,-41.85351872221681
1245,-68.0077121026315,-41.692631845690265
1246,-52.729724316510925,-41.55920590257539
1247,-156.93939484237865,-42.44012140602452
1248,-119.86045468082669,-43.02680975384134
1249,-41.21521716820057,-42.57335160037431
1250,-123.75573250902883,-45.93336543157191
1251,-42.830563111676376,-45.7423594375124
1252,-53.218147514505546,-43.86331103379059
1253,-112.27007263842378,-42.95404819841996
1254,-49.63499146902636,-42.6711118074055
1255,12.740048783221809,-44.03736078393892
1256,-135.55093189113302,-44.68840878306419
1257,26.970607398331936,-46.75051524181289
1258,-95.03373713641362,-46.33562062090186
1259,226.07889353054787,-46.189241826983476
1260,22.543065375115575,-44.626992834376104
1261,-47.962719694778734,-47.07593387779696
1262,-65.76468148997209,-46.99199397867074
1263,176.68365521679814,-43.8204726753387
1264,223.9223083877805,-41.473686972708386
1265,-90.87208678919988,-41.40968776648331
1266,-98.7693884544723,-42.21005910400225
1267,-104.51342787904136,-42.450492055666416
1268,23.527887394073133,-40.59842045550294
1269,-108.85260303987417,-40.849603774698984
1270,243.23450223585073,-37.10604750084465
1271,-76.83282240628127,-40.489013314393226
1272,-12.301534214591356,-39.2327777390245
1273,-79.2440121732691,-38.67389727931291
1274,-50.010747384180966,-38.330450906667146
1275,-41.27785937182273,-37.77323759888937
1276,-82.90727510141213,-37.33214485903041
1277,-29.483099622936265,-36.66711470630635
1278,131.736092240934,-35.12391839042438
1279,-41.60740960310121,-34.68957008767295
1280,223.3078509979231,-32.065573677887954
1281,243.375590840625,-28.084423742829344
1282,-109.98457476544564,-28.054488121448927
1283,-31.370656707046663,-27.042356554709954
1284,-62.69434660595799,-27.177138742226568
1285,-36.757876230075425,-27.3132539144335
1286,-126.47790060574722,-27.712973100308535
1287,-90.93712334090955,-30.274199271808733
1288,-98.14266455348482,-29.765373593313196
1289,-156.08245170527522,-29.95032010652538
1290,-99.06555501336906,-29.578899210050896
1291,-67.68362175104212,-29.100716179829806
1292,-81.91897278710002,-30.53478387152263
1293,-77.9487504111624,-31.531336454948956
1294,-18.847502695418427,-30.25430478149859
1295,-31.71028933426271,-30.10312541467418
1296,126.8611716206787,-27.319963047104288
1297,-51.15107847432844,-27.03482720967367
1298,212.48180581734476,-24.154120988446152
1299,-6.9175085404997105,-22.926445773755674
1300,-88.69935968076416,-23.42964692358167
1301,-10.208056191844207,-22.652446460690967
1302,-26.467160129671214,-21.683530770074018
1303,-242.75339744195696,-22.564343460720234
1304,-29.624038348908783,-25.61473044460869
1305,12.60812992560021,-25.321066098149064
1306,-50.94605265265947,-24.997638959273765
1307,-61.97716319162775,-24.52997761813326
1308,153.10211802393206,-25.608677258327
1309,214.21767155648493,-22.665044103172846
1310,-22.779046244083418,-21.865768500799152
1311,-89.02267866061871,-21.430062534652425
1312,-95.87635512816568,-21.405989010935624
1313,2.820624849205842,-20.59041367299741
1314,-3.1554919466535125,-22.647569717918643
1315,163.85527506635762,-19.805530406540566
1316,139.60233109785187,-20.876792683356562
1317,-65.7284575283916,-20.83647989384969
1318,200.98732028922998,-18.928909517734645
1319,-153.97363521831713,-18.988022040646484
1320,242.08911412587616,-15.94687605990523
1321,-58.8064725161838,-15.482850897270477
1322,-13.604806682921492,-14.760467484257083
1323,-84.58041747621053,-14.893271461702444
1324,-81.27253969559929,-17.80065344260147
1325,29.891102363027528,-17.428766688647762
1326,132.58923224681982,-14.831765172890481
1327,169.5041572969463,-12.424631529500965
1328,173.99823629571733,-9.667208225258491
1329,144.46286592268194,-7.5982224101627684
1330,35.31180954489258,-6.216830401660022
1331,22.964204088853734,-5.2631161814295675
1332,158.07224201943518,-3.6314858944505373
1333,190.88483886196613,-0.9387279219467396
1334,11.585196493892155,-2.8510134230489683
1335,-185.07679563175,-3.9504976693628704
1336,-97.93715886348086,-3.625838757245875
1337,195.32518572812415,-3.2965342038417695
1338,246.3447513878885,-0.03691455227033373
1339,187.93511416032848,1.4297645555482015
1340,234.94131062505613,3.4792120805142916
1341,246.68729448488574,3.923030079941393
1342,-63.44465518227169,4.3436852250689215
1343,-28.949566877286316,4.703626969912451
1344,211.0740867983281,7.302971676764262
1345,191.130583804234,9.894354635832915
1346,6.631719057211612,10.48796906957014
1347,-167.35499138826293,10.383813104111296
1348,3.5693593901617646,11.61811124482118
1349,-126.3034002607997,10.767229413895189
1350,-64.86568992820574,11.35612983970342
1351,267.769650329313,14.462131974113316
1352,-178.49585688125848,13.209354880445785
1353,-118.75287258392262,13.144526880990798
1354,16.789138756019497,13.80876818324126
1355,-4.632208820882084,13.635045607200219
1356,198.0429511614641,16.97098443772619
1357,-214.65300501752694,14.5547483135676
1358,26.84085634076108,15.77349424833935
1359,166.4901136793635,15.177606449827508
1360,-142.48820583840023,13.527293737692348
1361,-61.429853242694186,13.392622402213194
1362,240.88013711024766,16.45907058821539
1363,-237.04818384482994,12.32175219759911
1364,228.20908766170297,12.364619990338335
1365,138.59437821191278,14.659284640349462
1366,163.95482462863595,17.286526771180547
1367,-184.71231802130296,16.48453786975793
1368,-119.68322323520967,15.052426763465103
1369,-62.37522205374746,15.517200573326368
1370,111.05184610662093,14.195374012034073
1371,6.10165740753763,15.02471881017226
1372,181.8571248845385,16.96630540116356
1373,193.33186841593277,19.692064207055576
1374,153.97205942438717,21.731892275141252
1375,259.428592735625,24.738956796215735
1376,-79.82933032755055,24.76973624395435
1377,156.5495821434994,26.630063061618706
1378,-75.92826611799998,24.553419478029365
1379,-119.61715811936234,23.773321992866755
1380,-106.76896668966182,20.472553815990906
1381,-115.07782660300538,16.888019641554603
1382,281.80728937237984,20.805938282932857
1383,201.5752409825099,23.135397259828423
1384,182.7969903917143,25.590310629805145
1385,-56.25344164745201,25.39535497563138
1386,267.20594378946635,29.33219341958352
1387,0.22147690123141217,30.24377942200492
1388,-111.13848220956044,30.113821245444168
1389,192.83472435070468,33.60299300600396
1390,150.17084820438149,36.09535703818147
1391,136.43855716958672,38.13657882738775
1392,232.30940528861834,41.27886260814495
1393,-19.194489939952376,41.866405212857046
1394,218.14551070879858,44.23633534689921
1395,-94.50231104261555,43.60841512981568
1396,157.54660552956574,43.915269468904555
1397,196.9387516256291,46.39616776990413
1398,-99.6941581217477,43.2744081305132
1399,-38.44690138688916,42.959114202049314
1400,-29.706449605041314,43.54904330280654
1401,110.11213251495636,44.752245189874536
1402,42.80338031930803,45.444950594364336
1403,-150.8783652993277,46.36370091579063
1404,194.0696401031787,48.60063770031151
1405,118.60900276395611,49.66064642869506
1406,55.49416299623536,50.725048585184
1407,191.53827091599004,53.26020292626018
1408,-91.92153393895629,50.809966406631304
1409,10.199249830150414,48.76978218936796
1410,-87.08761982277825,48.12669645358102
1411,-60.884661809672366,48.40807662209048
1412,-278.08137969954623,46.58602637637668
1413,151.81711128173245,48.07599124070194
1414,230.53279115452548,50.41287407171373
1415,250.37838723484944,51.278105193398645
1416,139.1435860700049,51.27351774312018
1417,227.35017924927953,54.20430411089689
1418,120.6708178181677,53.40113908618627
1419,182.53832722881353,56.766258710657574
1420,132.8281978162496,55.67364954756131
1421,148.6061523236695,57.74777579595984
1422,183.853912605513,59.72236298884418
1423,-116.07232216480173,59.40744394195827
1424,240.46281692139218,62.62479750812818
1425,-1.26219787367085,62.31326450576121
1426,222.40244340760302,63.21139661736904
1427,98.16704777768646,62.498025522176434
1428,156.7061439829471,62.32510459904872
1429,-110.41166701063227,59.776359269715584
1430,-38.03390008631247,59.042902173403526
1431,125.9190807997847,60.072450940512844
1432,196.52737870037947,60.45700230732229
1433,-10.320469182412694,58.44494922687851
1434,178.416229049338,60.11325955243296
1435,159.40648682998835,63.558092377050336
1436,4.751088880523142,64.58497485449037
1437,214.6202655810498,64.77792565301962
1438,95.84961005310598,63.27297423967181
1439,-68.4216010613334,60.70940708745518
1440,200.96798841963937,60.36967386540104
1441,203.8722470929316,59.94152339148149
1442,139.76273399029887,61.9735972832072
1443,127.87961097483026,63.54188906172837
1444,186.57568263047557,63.29690502004984
1445,251.169457541233,63.89729375741984
1446,162.4392225573759,65.45536879242147
1447,-35.35169537441301,66.77540175255996
1448,204.50362387455067,68.78474439740386
1449,-19.0370738260699,69.85740766175115
1450,-160.67628010472237,68.89930175998599
1451,174.73543800294203,67.96895963672227
1452,251.87698897401745,72.27268809527503
1453,217.77182240241618,75.63793504513843
1454,33.37163954551485,75.80376005303339
1455,-11.620701817589492,75.73387512306633
1456,124.98243565933615,75.00326996804503
1457,158.63593748313016,78.73615939305161
1458,163.10397576472045,80.09879058729119
1459,231.3825265401036,80.7477147158986
1460,185.06091474681187,84.0232059217507
1461,-222.14838608620693,82.4160205933156
1462,151.58304699311478,81.52304969214426
1463,-32.405597363628004,83.56947555695628
1464,221.72819838073866,83.50466666414663
1465,238.51348308556814,84.50385771288319
1466,192.59430734045267,84.79025254000136
1467,139.29771966071837,88.03035291682156
1468,130.06354243967695,90.52782057357042
1469,-15.202859747068857,90.99954419663722
1470,135.38718408015282,91.24289757637254
1471,185.17094056487025,93.03359040794587
1472,130.28686456726876,92.51788780477317
1473,-18.858744679840186,90.39598167381543
1474,-54.196515067337714,88.31429592889818
1475,-317.442025386728,82.54558974767464
1476,150.74385518679662,84.85132160281813
1477,222.00420399194928,85.50586782130263
1478,166.4687252581699,87.92983773506434
1479,176.50507802089027,90.89106009646686
1480,228.19861442175463,94.24073590758104
1481,262.82415001610104,98.01975567377207
1482,-46.240604925521595,94.73927673079307
1483,194.1424053241809,94.66494837420979
1484,-79.11183464226694,92.04586012386996
1485,213.12524205051145,94.73964696084958
1486,190.94384497556004,93.97702597271055
1487,197.393236151772,95.94874356521595
1488,-46.77113387653027,96.59241704854625
1489,-18.930121728043673,94.47476858775876
1490,224.76762609063246,95.22073636662125
1491,163.67387219132883,95.49308951683867
1492,183.43474825426867,95.00434294649519
1493,174.92418722686259,96.94552971816334
1494,237.91584886251115,97.14323309970047
1495,-54.27930193628977,97.54546319076375
1496,159.82134592748065,97.56821059474288
1497,236.54421880412855,97.96426526652789
1498,206.41024405349717,101.02530928828035
1499,151.36419127086566,102.92342021485791
1500,197.94224289502256,105.19990713985854
1501,169.1018776031946,105.7898045907409
1502,121.15448061496718,106.5733155936975
1503,178.36727197252242,109.86577196641598
1504,198.90648873923828,109.91414045277659
1505,201.58820941067899,110.74393251924378
1506,0.8049615504422576,110.19704050478587
1507,192.40991535725,110.20575694919847
1508,-48.43532512341997,110.64061903735384
1509,217.51065189847824,112.7137330580371
1510,251.53486690297612,116.09995792529466
1511,253.79340879828052,119.24673863137419
1512,219.39543015078428,124.22150672987749
1513,219.00106007162697,124.89334621777645
1514,206.4889016200605,124.6529073224318
1515,164.14885751882343,123.79061202527154
1516,166.99046091176504,124.06908077368915
1517,162.31982471945267,123.41877722839088
1518,209.87444855586048,124.31081353576778
1519,99.08793482863446,123.47630961176601
1520,176.88727874861365,123.91690042108965
1521,204.58901717666762,124.47672906961961
1522,116.6026154240993,123.8042160978055
1523,45.36488943127884,125.41858821376631
1524,56.83505738299684,123.58231061838234
1525,260.4462861721246,126.1993954588403
1526,236.58158930177987,126.34118691778208
1527,170.69939548499596,127.0665103948552
1528,208.3955894708144,127.58340484973385
1529,179.28253057395008,130.4803468255797
1530,180.08061238674566,132.66149195031025
1531,200.38392829716028,133.40614042528398
1532,-39.78351307013339,131.04303150757886
1533,222.6644748976306,133.3728809483793
1534,7.740417193061319,131.66612282981652
1535,-70.43126936187386,129.36774526789793
1536,160.51586194784684,130.92539299857114
1537,172.39888528246283,130.50317919558526
1538,148.41495384308277,131.02883263348502
1539,214.50052541811695,133.85805389827956
1540,-36.255420004741836,131.48581981403575
1541,33.109846181012585,129.77819580491655
1542,247.6749413470818,130.8573178784844
1543,-12.525000337597191,129.4532717653601
1544,11.562142765519269,127.70313636671055
1545,215.53035518073065,127.34674534310551
1546,241.90067604515926,128.14135987798335
1547,210.7546684889351,130.60242351661682
1548,233.8844075719578,130.89623135359088
1549,-204.2435074030829,129.04416701782074
1550,231.75132697650025,132.96844308863297
1551,237.90465379330752,133.60013524653664
1552,-2.141892299210241,131.05994643380436
1553,225.46447211305474,131.13687293091076
1554,-47.21662918948776,130.33099024356073
1555,-21.128932281954164,130.23590793891708
1556,220.35662834750974,131.18964986579883
1557,118.86475740011522,130.79193806496866
1558,204.92685715721547,131.2101668788936
1559,154.43694385522318,130.44071105204483
1560,236.59062257068703,130.95600813028358
1561,251.6930414060502,135.69442240520615
1562,255.99542117728723,136.73854614704788
1563,152.75536721024125,138.59015579278656
1564,217.37121605350038,138.54658596951415
1565,264.82565779140623,138.80970771657252
1566,221.8764420676742,139.10252906384477
1567,224.89465702228043,139.95849843746038
1568,221.22912748561527,140.87015428791977
1569,203.16912862280572,143.05387417161853
1570,224.41833834505667,143.94418571426755
1571,236.33255769281104,144.45580188554698
1572,257.78914156207554,145.73082465549504
1573,-5.290235854327008,145.86650974375019
1574,233.56456236535652,148.7441205180771
1575,6.03974739740778,151.97893824591847
1576,114.21113929863826,151.61361108703687
1577,251.27526563792404,151.90632170349664
1578,250.38508841392544,152.74548533505416
1579,227.85443611715533,153.25897891601682
1580,170.0237054475419,152.6772298262747
1581,214.58327821568378,152.1948211082705
1582,261.86990319889105,155.27592618951462
1583,71.63434065978736,154.05084554287072
1584,230.42641817355343,157.1462280710289
1585,235.25514942794294,157.36752714480323
1586,216.54251934267006,157.62351388847435
1587,213.19265797359657,157.78150810669257
1588,244.12147784036952,160.6904342238616
1589,198.68661290418805,162.8666015701839
1590,229.98401269252554,162.91876543620285
1591,230.36176570730052,163.58564437136255
1592,210.04049357925837,163.85170182461243
1593,244.73278674675225,164.54978781981134
1594,229.0825241437238,164.46145457262347
1595,195.10685039915376,166.9553160959779
1596,164.8215102032558,167.00531773873564
1597,176.26132350940185,166.40248878578842
1598,8.241749164907546,164.42080383690248
1599,265.79049872104895,165.56506691140433
1600,130.2061915142329,164.88770639759642
1601,234.77534361983382,165.5444410577628
1602,246.85985367507965,166.80149478836393
1603,245.60325024322333,167.47385457107094
1604,255.2249459869617,168.03703914354818
1605,110.31135274451093,167.1242705768865
1606,252.09655107755637,169.63718647215762
1607,16.613080780020113,167.87921812638535
1608,43.68825004643084,168.80045387808386
1609,266.1260275312634,169.28660763441175
1610,157.51301103738555,168.34638907575584
1611,214.31604645685834,167.9516154523416
1612,190.12522380685752,167.65891338890233
1613,107.38765465847429,166.5427793347708
1614,-147.08390160209666,163.00705130254926
1615,262.70166016887026,163.99257932904973
1616,196.59336305573677,164.28860835048943
1617,244.7445547194228,165.1128556504891
1618,162.0131966663602,164.63424313159413
1619,128.46994250270086,164.92806320833478
1620,167.27486722735608,164.8319390931222
1621,238.9236573202433,165.17528549455793
1622,168.2922739254983,165.6921820795719
1623,219.72505828631355,167.43578376812226
1624,148.4625425194676,168.352058619487
1625,158.18922087146615,167.32948796648046
1626,245.07340270602538,167.41440610052285
1627,206.92874514353974,167.77669959710832
1628,220.22050049350455,167.89494870733523
1629,239.24186334952026,168.49454203509097
1630,271.7111203323785,169.41084711454724
1631,32.23936853151956,167.72940151689082
1632,4.7203134119620955,168.1744397817118
1633,155.313527351301,167.50093030624848
1634,169.0785854962577,169.1143119892804
1635,-157.58534119986183,168.24277127090056
1636,210.72465687478442,168.74485922016993
1637,267.99077051645185,169.7007780725098
1638,134.0919030010475,169.5575475640895
1639,243.23733898892982,169.84491569979764
1640,-61.930747709018576,169.58816242275486
1641,2.748538719962454,169.2845493481443
1642,225.05088706353408,169.05830880530888
1643,229.0827117693399,171.47438592637826
1644,270.66177771193105,174.06538227584238
1645,168.8802769279663,173.59888149331474
1646,205.63462389553035,173.2362209718184
1647,248.43704143448096,173.61304470127388
1648,206.96134761032215,173.34381410165753
1649,213.02224966863122,177.51647167237468
1650,-85.24111503769853,174.3465472522327
1651,248.01515391776684,174.44765225347732
1652,251.32779257995838,176.982349102269
1653,279.89142614199784,177.52661864255845
1654,232.05425204571276,180.31932745491045
1655,248.16361541077418,183.0122529318377
1656,228.60485419159843,183.09473519027858
1657,215.62891445036394,184.06237676078104
1658,211.75156371091484,184.13062382631804
1659,231.60520789094204,184.90230646667524
1660,188.10363902441114,184.41743663121247
1661,139.37140019625824,183.29422021911455
1662,246.37959895542917,183.19806199689592
1663,193.69199559514124,183.60742828074498
1664,217.48177833741119,183.6085339035841
1665,-158.9020029137007,179.37125729653303
1666,-22.64888020174112,176.9260040738389
1667,256.7142979256161,177.24420048287226
1668,181.4442701606742,176.84635190962283
1669,250.35988994448536,177.3182595228396
1670,181.77402159347014,176.89181635532375
1671,231.56361342667702,176.84412691266243
1672,272.2724364319347,176.988959861361
1673,229.4904448509867,179.33676666841416
1674,-73.9918265020799,176.26120277973985
1675,238.76342411430048,178.58843954690866
1676,178.15697128632524,179.22789786678558
1677,234.2184942598791,179.0573301530051
1678,179.9196293513982,178.35267556237986
1679,251.49746271542955,178.5891058283626
1680,230.8937399105755,179.19780617299293
1681,224.22160689291155,179.2941894597652
1682,213.76387876909106,178.8131292154672
1683,-36.04279422986482,177.73635786657064
1684,199.9042286464526,177.43113597129965
1685,173.37898251250746,176.8123743021453
1686,272.92017115321653,177.37615082025073
1687,193.13064228692224,177.17553066338405
1688,122.05418130930524,175.95485769807337
1689,194.70509039169653,175.91504247294847
1690,246.17446885088904,176.07694703453214
1691,256.56317305929645,176.33896110805208
1692,150.50804934357257,175.74363666569522
1693,240.32934064022191,175.6996022046299
1694,6.545525997032996,173.47423222316297
1695,221.04211768139942,173.73358489598547
1696,272.06209716239476,174.80599076557684
1697,224.3363825872355,175.28674135635515
1698,224.09147879489922,177.4452386526551
1699,257.75598444565026,177.36489350990112
1700,238.38485309732388,178.44668012573206
1701,205.92268200628453,178.15815350959653
1702,186.403806187779,177.55359303472352
1703,-6.773305090837098,175.02982748138294
1704,236.32598566843478,174.84083787819768
1705,16.20163760880959,173.8997407268407
1706,-6.47842809540218,171.31399093511106
1707,214.99929449749217,173.29785307228576
1708,248.37235094080836,175.34469408122953
1709,-92.40395747922459,171.75939423112465
1710,221.32787210201704,172.39754284177096
1711,242.09217274483248,172.67530410465068
1712,233.12023817012954,173.10525424828342
1713,256.67879295483795,174.59816563124707
1714,236.37982258233603,178.43280287309142
1715,184.87869924017036,177.65457326380442
1716,235.726153565167,178.0459011688987
1717,268.0969287358356,178.2794249090628
1718,230.83486377840384,178.96764158018325
1719,1.0435456609113487,177.69337761176536
1720,231.48129237787882,178.33544186327057
1721,127.79327722945845,177.22413806236275
1722,261.39390675914683,178.15515439069924
1723,-183.82295015705813,174.11967430626547
1724,-0.47659289718457387,172.630282952099
1725,64.97938125390783,171.69818455592343
1726,220.29490992578036,171.450399628121
1727,99.88424771257507,170.37995465381132
1728,244.11793091240762,170.6189289580004
1729,-192.04681904480586,166.30604213405712
1730,256.24885027745756,166.15141943350787
1731,261.5864479267733,168.4448902274604
1732,-127.89189551564408,167.11876813818432
1733,156.93637346293877,167.13499659930076
1734,252.4869388759647,167.96908013309786
1735,264.04821892051,172.18541573430156
1736,277.6011667481323,172.85418083303503
1737,246.94246545068307,172.64369778237736
1738,220.69364330005084,173.50971518536736
1739,241.81186556070728,173.49546045108514
1740,238.7086456908002,176.50185438508328
1741,-81.89617320007888,175.6554072658829
1742,239.34111232315416,175.79830951847907
1743,236.38639926328622,175.87134639341855
1744,-26.64071373381529,172.89832147896107
1745,-23.174788405685902,170.9777708256246
1746,121.83146174580426,170.13973920412732
1747,216.44859175185985,169.81985470730112
1748,208.66240910789352,169.83686532227682
1749,-7.293515531701502,167.63370767027348
1750,246.4139160890988,170.95025798154143
1751,217.9774725105026,170.64988116746878
1752,217.86178319129846,170.31522107358225
1753,241.23775880367555,169.92868440019902
1754,159.8743955350783,169.2068858350927
1755,-218.22181177293712,164.54303156325557
1756,230.50112579609316,164.56199427930048
1757,277.72666049683016,165.18297173976515
1758,214.0038662704746,165.20549476536075
1759,222.4646160946981,165.1140888473983
1760,-182.36674960738378,161.40938496108035
1761,-7.1597420951395065,159.94407353816638
1762,199.6239586502801,159.47651713511488
1763,237.71460185318674,159.91674319769535
1764,246.5735837568411,160.20766125188962
1765,-8.012462724209996,161.71655665378458
1766,242.0017133265075,164.36306258906706
1767,215.77659991726787,163.9536856089836
1768,284.347665377137,164.9827195611482
1769,184.9494182325435,164.3286148440288
1770,6.272198519255554,162.5735966132866
1771,-34.39607541826561,159.9139997248372
1772,-93.27947336345837,156.25848062688326
1773,26.812744253880595,154.23170362091219
1774,244.60070987704864,157.41762898470347
1775,241.38602142247726,157.44385495778525
1776,186.6578938586925,157.52886418350892
1777,213.26199231388426,157.31929916404897
1778,-1.5145528522554912,155.50495734201243
1779,35.88574109630987,153.34884012582125
1780,250.96278343978412,153.54953056111333
1781,214.6508693373447,153.4538231855577
1782,0.768144122782104,151.32386583909457
1783,224.99968817488315,153.93429066314204
1784,196.42737572453714,153.8995221339229
1785,235.9649193541249,154.5253815023391
1786,233.5250751418419,154.13143054222533
1787,219.13398451681934,154.3914639645243
1788,91.24438031917694,154.083365954623
1789,208.79589395639505,154.22427399026998
1790,264.83280408977174,154.41085734265883
1791,241.22899257461557,154.25751553781203
1792,222.0525463514279,154.97296050789058
1793,277.262142517035,155.3422885266587
1794,202.7467376085488,157.30430064277388
1795,246.11021997587363,157.5549816657186
1796,226.60524795983926,157.10041317369306
1797,231.1053091955602,157.1681024397763
1798,179.07390078595955,156.71792665968687
1799,221.01546915605428,156.35052150679093
1800,230.59643712184186,156.27263734703612
1801,236.8611334143091,156.58202186111637
1802,228.51375752987738,157.00312137453736
1803,242.08519374030635,159.4917063628488
1804,252.96125351251038,159.65805904128953
1805,149.49306477754638,160.99097331297693
1806,262.2044516240648,163.67780211017157
1807,214.47836486563284,163.67259281385296
1808,227.06036473946497,163.45947295183953
1809,233.7542587594025,166.7210551142258
1810,-60.888848525579746,163.89888790794984
1811,264.29320536008447,164.12089823410238
1812,260.22043924843064,164.3919002448854
1813,238.0656094493635,164.20576840983068
1814,217.1419699995531,164.01338988400283
1815,236.91300424250988,164.53373293402623
1816,224.77239780501247,164.42419537642468
1817,234.65018927704014,164.08972798183675
1818,236.63907144167646,164.14777005846943
1819,216.4230627873988,166.3015652297343
1820,194.25379764952132,165.92929028245075
1821,230.95658995352525,166.96092340969142
1822,222.1352126880701,166.56833646898065
1823,-22.465105987581566,168.1819149106754
1824,246.8075521956117,170.6547563616034
1825,205.9774049793319,172.0647365988576
1826,269.26566276024926,172.55444412720226
1827,255.3571359762318,174.10917300983886
1828,274.1299719131889,174.40929341984668
1829,234.723134622083,178.67699295651556
1830,250.78055510617318,178.6223100048027
1831,197.80119395229303,177.98445746505794
1832,218.31019069127632,181.44647832712712
1833,261.61330810755226,182.49324767357328
1834,242.65108643821048,182.39488914919576
1835,152.21453449805153,181.2765523049712
1836,257.99568154469137,181.0804974529368
1837,170.5094401052296,180.31616719948224
1838,229.02956432511814,180.39952640973289
1839,215.2918748752786,180.13432650287862
1840,239.97693239794765,180.1470093699501
1841,188.7095311335223,182.85306641328606
1842,-22.93593152618736,180.23029597479265
1843,154.85432514336702,179.41497523359348
1844,223.99133126194403,181.921295683551
1845,18.7301873556779,182.3403454411647
1846,17.560528303302675,181.29763610673967
1847,16.475827571457287,179.29790846493563
1848,-3.2920093149095635,177.17836428070765
1849,246.5740829142993,179.71704026516767
1850,268.7429508386623,179.94033061266327
1851,-60.292564076134425,177.1576302467969
1852,250.3258901444336,177.48227131632825
1853,227.42454799908654,177.34413920828237
1854,2.168807364442557,175.767083326576
1855,256.09581551737335,180.5102595994791
1856,241.60917671085085,180.62134010862664
1857,215.01424209376694,179.99421592459606
1858,-4.481832725881702,177.80935893463248
1859,246.18342020529548,178.0465469757385
1860,245.371524640232,182.32392971821463
1861,242.5236659321299,184.82076379848735
1862,252.84235022524285,185.352947714237
1863,239.51481792662776,185.3709498749714
1864,285.3718902937927,185.75893294034094
1865,260.99750732772054,188.4490326408602
1866,258.9412493040428,188.6184280006356
1867,231.56507016598704,188.7763127031227
1868,180.02575411914972,187.7330935905428
1869,210.40123972691805,187.9876118054866
1870,232.17268575990488,190.24661667789306
1871,258.8864016214763,193.1794414482905
1872,237.9641405388123,196.4918775873132
1873,240.70414990532674,198.63079164382765
1874,256.1262129100274,198.74604667415744
1875,1.9761138025315006,196.35194759795803
1876,219.67227144735068,196.68209137384457
1877,-19.493291081850288,194.35453853988722
1878,-140.08902193401332,192.9687938490696
1879,156.25357438153003,194.17247218192185
1880,240.180621747112,194.0646505649951
1881,247.33220553260782,194.39146392694772
1882,236.92783621091434,196.75306084782903
1883,239.27452372061816,196.8958092032864
1884,225.32556325027588,197.1847910785438
1885,222.2787439829634,197.04792932483218
1886,245.8736350217552,197.17141492363132
1887,270.17807525691535,197.6818558310323
1888,-14.185266205370269,196.6275593657868
1889,211.49197584317864,196.65452018465461
1890,241.83038691845846,196.4244960129415
1891,181.73788647602245,195.82958495195558
1892,226.78156717378351,195.87687516017914
1893,232.8220822355241,195.43247455736403
1894,254.51651747709775,195.95017235604956
1895,247.79687604250356,195.96703891671586
1896,196.68675361588345,195.6678539732763
1897,251.1101601237556,195.86790248255824
1898,272.2961698764708,196.80012517346336
1899,252.54844404226955,197.11545492232548
1900,219.1936448352508,197.00142699945957
1901,257.88754066488525,197.21169107196533
1902,222.6366865417421,197.15292036208393
1903,244.52374393726353,197.17730586405352
1904,246.57520147907388,197.11344534371918
1905,185.81148006258593,197.4766294965696
1906,209.54066352279224,196.94999161555683
1907,233.45384010119884,197.13974636791252
1908,245.77115086576353,197.32685422917547
1909,248.5243621671747,197.4745552632532
1910,206.93860251566346,200.15282977366564
